,ID1,ID2,start_time,end_time
0,GGWW,YYRB,1559,1560
1,GGWW,YYRB,1561,1562
2,GRGY,GR_Y,311,312
3,GRGY,GR_Y,350,351
4,GRGY,GR_Y,752,753
5,GRGY,GR_Y,765,766
6,GRGY,GR_Y,789,790
7,GRGY,GR_Y,874,875
8,GRGY,GR_Y,1093,1094
9,GBGR,GGRG,1241,1242
10,Y_B_,____mid,938,939
11,Y_B_,____mid,1020,1021
12,Y_B_,____mid,1056,1057
13,GGW_right,_Y__,785,786
14,GGW_right,_Y__,823,824
15,_GYW,_WWG,346,347
16,_GYW,_WWG,353,355
17,_GYW,_WWG,383,384
18,_GYW,_WWG,491,492
19,_GYW,_WWG,505,506
20,_GYW,_WWG,517,518
21,_GYW,_WWG,554,555
22,_GYW,_WWG,633,634
23,_GYW,_WWG,695,696
24,_GYW,_WWG,767,768
25,_GYW,_WWG,780,781
26,_GYW,_WWG,869,870
27,_GYW,_WWG,1218,1219
28,GRBR,_GWY,1554,1555
29,Y_BW,_WYG,1275,1276
30,Y_BW,_WYG,1292,1293
31,Y_BW,_WYG,1634,1635
32,Y_BW,_WYG,1698,1699
33,Y_BW,_WYG,1726,1727
34,GGGR,Q,1377,1378
35,GGGR,Q,1537,1539
36,GGGR,Q,1616,1617
37,WBYG,YWWW,678,679
38,WBYG,YWWW,680,681
39,WBYG,YWWW,685,686
40,WBYG,YWWW,1476,1477
41,WBYG,YWWW,1528,1529
42,WBYG,YWWW,1538,1539
43,YYBR,_W_W,381,383
44,YYBR,_W_W,393,394
45,YYBR,_W_W,486,487
46,YYBR,_W_W,505,506
47,YYBR,_W_W,914,915
48,YYBR,_W_W,1002,1003
49,YYBR,_W_W,1007,1008
50,YYBR,_W_W,1041,1042
51,YYBR,_W_W,1056,1057
52,YYBR,_W_W,1197,1198
53,YYBR,_W_W,1505,1506
54,GR_W,YY__,752,753
55,GR_W,YY__,1400,1401
56,GRGY,YGWR,1109,1110
57,GY_W,_WGY,1041,1042
58,GR_W,WRRY,121,122
59,_Y__,____new,834,835
60,WRRY,_WRW,87,88
61,WRRY,_WRW,142,143
62,WRRY,_WRW,145,146
63,YYRB,YY_W,1121,1123
64,GBGR,GY_W,1205,1206
65,GBGR,GY_W,1654,1655
66,GRBR,YYRB,654,656
67,GRBR,YYRB,723,724
68,_GYW,_WGY,798,799
69,_WWY,_Y__,1240,1241
70,_WWY,_Y__,1245,1246
71,_WWY,_Y__,1282,1283
72,GY__,_W__curl,634,635
73,GY__,_W__curl,1702,1703
74,GY__,_W__curl,1721,1722
75,Q,____white,1551,1552
76,_GWY,_WGY,696,697
77,W_WR,_WWY,885,886
78,G___right,_R__right,1704,1705
79,G___right,_R__right,1715,1716
80,G___,_GWY,250,251
81,G___,_GWY,256,257
82,G___,_GWY,258,259
83,G___,_GWY,266,267
84,G___,_GWY,269,270
85,G___,_GWY,272,273
86,YYBR,_YGG,97,98
87,YYBR,_YGG,152,153
88,GRGY,YYBR,1728,1730
89,GRGY,YYYY,828,829
90,GRGY,YYYY,911,912
91,GRGY,YYYY,1011,1012
92,GRGY,YYYY,1041,1042
93,GRGY,YYYY,1092,1093
94,GBG_,____still,886,887
95,GBG_,____still,1254,1255
96,GGW_right,YY__,920,921
97,G_RG,_WRW,1535,1536
98,G_RG,_WRW,1619,1620
99,G_RG,_WRW,1622,1623
100,G_RG,_WRW,1629,1630
101,GR_Y,_Y__,1264,1265
102,GR_Y,_Y__,1266,1267
103,W_WR,YYRB,1605,1607
104,W_WR,YYRB,1614,1615
105,W_WR,YYRB,1631,1632
106,W_WR,YYRB,1664,1665
107,W___,_RWG,948,949
108,W___,_RWG,1135,1136
109,YYBR,_GYW,347,348
110,YYBR,_GYW,364,365
111,YYBR,_GYW,876,877
112,_WGY,_W_R,81,83
113,_WGY,_W_R,700,701
114,GGGG,____hidden,374,375
115,GGGG,____hidden,458,459
116,GGGG,____hidden,474,475
117,GGGG,____hidden,522,523
118,GBGR,____new,1167,1168
119,GG__,_R__right,169,170
120,WB__,_RWG,64,65
121,WB__,_RWG,302,303
122,WB__,_RWG,319,320
123,WB__,_RWG,341,342
124,WB__,_RWG,422,423
125,WB__,_RWG,465,466
126,WB__,_RWG,467,468
127,WB__,_RWG,1459,1460
128,WB__,_RWG,1553,1554
129,WB__,_RWG,1680,1681
130,WB__,_RWG,1710,1711
131,YYBR,YYGW,1680,1681
132,YYBR,YYGW,1703,1704
133,YYBR,YYGW,1707,1708
134,YYBR,YYGW,1720,1722
135,GG__,YWWW,1647,1648
136,G__Y,____still,1227,1228
137,GBGR,YYGG,1033,1034
138,GR_W,YYRB,1684,1685
139,WRRY,_W_R,268,269
140,WRRY,_W_R,283,284
141,WRRY,_W_R,285,286
142,WRRY,_W_R,287,288
143,WRRY,_W_R,289,290
144,WRRY,_W_R,357,358
145,WRRY,_W_R,359,360
146,WBYG,YY_W,327,328
147,GR_Y,_WGY,1006,1007
148,GR_Y,_WGY,1248,1249
149,GR_Y,YYRG,695,696
150,GR_Y,YYRG,723,724
151,GR_Y,YYRG,838,839
152,GR_Y,YYRG,1237,1238
153,GR_Y,YYRG,1285,1286
154,GGGG,YYGG,437,438
155,GGGG,YYGG,453,454
156,GGGG,YYGG,546,547
157,GGGG,YYGG,574,575
158,GGGG,YYGG,1242,1243
159,GGGG,YYGG,1244,1245
160,GGGG,YYGG,1547,1548
161,GGW_right,WBYG,548,549
162,GGW_right,WBYG,564,565
163,GGW_right,WBYG,1246,1247
164,GGW_right,WBYG,1253,1254
165,GGW_right,WBYG,1338,1339
166,GGWW,YY__,1211,1212
167,GGRG,YYBR,600,601
168,GGRG,YYBR,651,652
169,GGRG,YYBR,741,742
170,GGRG,YYBR,789,790
171,GGRG,_WGY,793,794
172,GGRG,_WGY,796,797
173,GGRG,_WGY,837,838
174,GGRG,_WGY,1073,1074
175,GYG_,WRRY,920,921
176,GYG_,WRRY,1275,1276
177,GR_Y,YYYY,990,991
178,GRY_,_W__curl,1384,1385
179,YYGG,YY__,1285,1286
180,YYGG,YY__,1318,1319
181,GBG_,YYGW,981,982
182,W___,_WWY,831,832
183,W___,_WWY,833,834
184,W___,_WWY,1194,1195
185,W___,_WWY,1197,1198
186,W___,_WWY,1204,1205
187,_RWG,_W__,52,53
188,_RWG,_W__,61,62
189,_RWG,_W__,72,73
190,_RWG,_W__,245,246
191,_RWG,_W__,269,270
192,_RWG,_W__,349,350
193,_RWG,_W__,361,362
194,_RWG,_W__,397,398
195,_RWG,_W__,461,462
196,_RWG,_W__,528,529
197,_RWG,_W__,712,713
198,_RWG,_W__,1569,1570
199,_RWG,_W__,1729,1730
200,_R__right,_WGY,133,135
201,G___right,YYBR,389,390
202,G___right,YYBR,548,549
203,GBG_,GGRG,734,735
204,GBG_,GGRG,895,896
205,GBG_,GGRG,1085,1086
206,GBG_,GGRG,1232,1233
207,GGGG,_WWY,1055,1056
208,YY__,_GWY,287,288
209,YY__,_GWY,302,303
210,YY__,_GWY,317,318
211,YY__,_GWY,322,323
212,YY__,_GWY,324,325
213,YY__,_GWY,398,399
214,YY__,_GWY,412,413
215,YY__,_GWY,493,494
216,YY__,_GWY,541,543
217,YY__,_GWY,599,600
218,YY__,_GWY,708,709
219,YY__,_GWY,710,711
220,YY__,_GWY,724,726
221,YY__,_GWY,832,834
222,YY__,_GWY,862,863
223,YY__,_GWY,943,944
224,YY__,_GWY,1048,1049
225,YY__,_GWY,1219,1220
226,YY__,_GWY,1230,1231
227,YY__,_GWY,1405,1406
228,YY__,_GWY,1513,1514
229,G_RG,YY_W,78,79
230,G_RG,YY_W,932,934
231,G_RG,YY_W,940,941
232,G_RG,YY_W,948,949
233,Y___,_WRW,335,336
234,Y___,_WRW,488,489
235,GGGG,YYYY,343,344
236,GGGG,YYYY,1253,1254
237,GGGG,YYYY,1441,1442
238,YYRB,____white,50,51
239,YYRB,____white,54,55
240,GGW_right,YYRG,744,745
241,GGW_right,YYRG,797,798
242,GGW_right,YYRG,1581,1582
243,YYGG,_GWY,1567,1568
244,YYYY,____mid,981,982
245,YYYY,____mid,989,990
246,YYYY,____mid,1177,1179
247,G_RG,_WWY,60,61
248,G_RG,_WWY,1181,1182
249,G_RG,_WWY,1189,1190
250,G_RG,_WWY,1290,1291
251,Y_BW,_RWG,1703,1704
252,GRGY,_WGY,790,791
253,GRGY,_WGY,867,868
254,GRGY,_WGY,869,870
255,Y_BW,_W__,1287,1288
256,Y_BW,_W__,1682,1683
257,Y_BW,_W__,1728,1729
258,GRY_,YYYY,935,936
259,GRY_,YYYY,985,986
260,GGGR,GYY_,89,90
261,GGGR,GYY_,102,103
262,GGGR,GYY_,113,114
263,GGGR,GYY_,810,811
264,GGGR,GYY_,827,828
265,GGGR,GYY_,1388,1389
266,GGGR,GYY_,1565,1566
267,GGGR,GYY_,1593,1594
268,_GWY,_RWG,248,250
269,YYGG,____still,1114,1115
270,YYGG,____still,1124,1125
271,GRY_,YYBR,38,39
272,GRY_,YYBR,101,102
273,GRY_,YYBR,537,539
274,GRY_,YYBR,549,550
275,GRY_,YYBR,619,620
276,GRY_,YYBR,689,690
277,GRY_,YYBR,691,692
278,GRY_,YYBR,705,706
279,GRY_,YYBR,772,773
280,GY_W,YYGG,868,869
281,G_RG,YY__,1682,1683
282,GGWW,WGGB,1183,1184
283,GGWW,WGGB,1185,1186
284,G_RG,_WYG,167,168
285,G_RG,_WYG,301,302
286,G_RG,_WYG,320,321
287,G_RG,_WYG,677,678
288,G_RG,_WYG,744,745
289,G_RG,_WYG,868,869
290,G_RG,_WYG,1577,1578
291,G_RG,_WYG,1743,1745
292,W_WR,YY_W,938,940
293,W_WR,YY_W,1464,1465
294,W_WR,YY_W,1529,1530
295,W_WR,YY_W,1565,1566
296,W_WR,YY_W,1567,1568
297,W_WR,YY_W,1689,1690
298,W_WR,YY_W,1698,1699
299,WB__,_WGY,350,351
300,WB__,_WGY,712,713
301,WB__,_WGY,715,716
302,Q,_WWY,815,816
303,Q,_WWY,1666,1667
304,GGWW,____mid,1054,1056
305,GGWW,____mid,1158,1159
306,GGWW,____mid,1181,1182
307,Y___,____hidden,511,512
308,Y___,____hidden,933,934
309,Y___,____hidden,1040,1041
310,Y___,____hidden,1702,1703
311,YWWW,YY__,364,366
312,YWWW,YY__,384,385
313,YWWW,YY__,386,387
314,YWWW,YY__,623,624
315,YWWW,YY__,941,942
316,GGW_,GY_W,1222,1223
317,GGWW,G___right,640,642
318,GGWW,G___right,851,852
319,GR_Y,G__Y,654,655
320,GR_Y,G__Y,690,691
321,GR_Y,G__Y,979,980
322,GR_Y,G__Y,1213,1214
323,GGWW,WR__,1638,1639
324,GGWW,WR__,1671,1672
325,G___right,_GWY,1688,1689
326,G___right,_GWY,1698,1699
327,GGW_right,_WGY,514,515
328,GGW_right,_WGY,516,517
329,GGW_right,_WGY,577,578
330,GGW_right,_WGY,1234,1235
331,Y_B_,____still,1237,1238
332,GYG_,YYG_,295,296
333,GYG_,YYG_,306,307
334,GYG_,YYG_,406,408
335,GYG_,YYG_,905,906
336,GYG_,YYG_,940,941
337,GYG_,YYG_,1219,1220
338,YY__,_YGG,38,39
339,GGRG,G__Y,36,37
340,GGRG,G__Y,93,95
341,GGRG,G__Y,1254,1255
342,_WRW,_W__,1563,1564
343,G__Y,YYRR,1476,1477
344,GGW_,YYGW,1717,1718
345,G_RG,_W_R,935,936
346,G_RG,_W_R,937,938
347,YYG_,____hidden,113,114
348,YYG_,____hidden,250,251
349,YYG_,____hidden,354,355
350,YYG_,____hidden,382,383
351,YYG_,____hidden,426,427
352,YYRR,____still,1197,1198
353,YYRR,____still,1211,1212
354,G_RG,_RWG,65,66
355,G_RG,WB__,319,320
356,G_RG,WB__,887,888
357,GGWW,_WWY,1213,1214
358,GGWW,_WWY,1215,1216
359,WRRY,YYRR,702,703
360,WRRY,YYRR,1687,1688
361,GY_W,_WYG,1238,1239
362,GGGG,____mid,363,364
363,GGGG,____mid,811,812
364,GGGG,____mid,1446,1447
365,GGGG,____mid,1497,1498
366,GGGG,____mid,1531,1532
367,GY_W,YY__,65,66
368,GY_W,YY__,74,75
369,GY_W,YY__,76,77
370,GY_W,YY__,79,80
371,GY_W,YY__,123,124
372,GY_W,YY__,1162,1163
373,GY_W,YY__,1164,1165
374,GY_W,YY__,1425,1426
375,GY_W,YY__,1478,1479
376,GY_W,YY__,1562,1563
377,GGWW,YYY_,421,423
378,GGWW,YYY_,517,518
379,GGWW,YYY_,578,579
380,GGWW,YYY_,615,616
381,GGWW,YYY_,650,651
382,GGWW,YYY_,868,869
383,GGWW,YYY_,877,878
384,G__Y,Y_B_,1081,1082
385,W___,_WGY,570,571
386,W___,_WGY,771,772
387,YGWY,_WGY,42,43
388,YGWY,_WGY,145,146
389,YGWY,_WGY,180,181
390,YGWY,_WGY,237,238
391,YGWY,_WGY,363,364
392,YGWY,_WGY,476,477
393,YGWY,_WGY,505,506
394,YGWY,_WGY,583,584
395,YGWY,_WGY,598,599
396,YGWY,_WGY,776,778
397,_WGY,_WWY,1334,1335
398,GG__,_WGY,387,388
399,WGGB,WRRY,636,637
400,GB__,YYRB,625,626
401,YWWW,_W__,301,303
402,YWWW,_W__,313,314
403,YWWW,_W__,319,320
404,YWWW,_W__,322,323
405,YWWW,_W__,330,332
406,YWWW,_W__,660,661
407,YWWW,_W__,662,663
408,GY_W,YGWY,1197,1198
409,GY_W,YGWY,1219,1220
410,GRY_,_WWG,346,347
411,GRY_,_WWG,620,621
412,GRY_,_WWG,1535,1536
413,_WGY,_Y__,1292,1293
414,GBGR,WRRY,660,661
415,GBGR,WRRY,675,676
416,YYBR,_WWG,216,217
417,YYBR,_WWG,256,257
418,YYBR,_WWG,326,327
419,YYBR,_WWG,445,446
420,YYBR,_WWG,475,476
421,YYBR,_WWG,533,534
422,YYBR,_WWG,722,723
423,YYBR,_WWG,742,743
424,YYBR,_WWG,825,826
425,YYBR,_WWG,847,848
426,YYBR,_WWG,1131,1132
427,YYBR,_WWG,1325,1326
428,YYBR,_WWG,1350,1351
429,YYBR,_WWG,1366,1367
430,YYBR,_WWG,1415,1416
431,YYBR,_WWG,1511,1512
432,YYBR,_WWG,1594,1595
433,GGGG,GRGY,1219,1221
434,GB__,WRRY,509,510
435,GB__,WRRY,787,788
436,GB__,WRRY,939,941
437,GB__,WRRY,1680,1681
438,GB__,WRRY,1682,1683
439,GB__,WRRY,1708,1709
440,GB__,WRRY,1711,1712
441,G_RG,W___,819,820
442,G_RG,W___,1213,1214
443,G_RG,W___,1229,1230
444,G_RG,W___,1646,1647
445,G_RG,W___,1648,1649
446,GGRG,Y_B_,1162,1163
447,WB__,WRR_,344,345
448,WB__,WRR_,1259,1260
449,WB__,WRR_,1508,1509
450,WB__,WRR_,1634,1635
451,WB__,WRR_,1683,1684
452,WB__,WRR_,1696,1697
453,WB__,WRR_,1704,1705
454,GRGY,G__Y,191,192
455,GRGY,G__Y,267,268
456,GRGY,G__Y,808,809
457,GRGY,G__Y,878,879
458,GRGY,G__Y,1086,1087
459,GRGY,G__Y,1191,1192
460,GRGY,G__Y,1214,1215
461,_WGY,_WYG,8,9
462,_WGY,_WYG,25,26
463,_WGY,_WYG,52,53
464,_WGY,_WYG,56,57
465,_WGY,_WYG,61,62
466,_WGY,_WYG,67,68
467,_WGY,_WYG,104,106
468,_WGY,_WYG,308,309
469,_WGY,_WYG,341,342
470,_WGY,_WYG,731,732
471,_WGY,_WYG,747,748
472,_WGY,_WYG,759,760
473,_WGY,_WYG,880,881
474,GGW_right,GRGY,734,735
475,GGW_right,_W__,973,974
476,GGW_right,_W__,1064,1065
477,GRBR,YYGG,509,510
478,GRBR,YYGG,527,528
479,GRBR,YYGG,583,584
480,YGWY,_Y__,847,848
481,YGWY,_Y__,873,874
482,YYY_,_WWG,55,56
483,YYY_,_WWG,769,770
484,WB__,YWWW,306,308
485,WB__,YWWW,325,326
486,WB__,YWWW,1370,1371
487,WRRY,_GWY,327,328
488,WRRY,_GWY,354,355
489,WRRY,_GWY,1559,1560
490,WRR_,W___,1690,1691
491,YY__,____hidden,241,242
492,YY__,____hidden,272,273
493,YY__,____hidden,275,276
494,YY__,____hidden,963,964
495,YY__,____hidden,1023,1024
496,YY__,____hidden,1480,1481
497,YY__,____hidden,1623,1624
498,GRGY,____mid,1144,1145
499,GRGY,____mid,1158,1159
500,WRRY,YYGG,358,359
501,GBGR,GBG_,1241,1242
502,GBGR,GBG_,1246,1247
503,GBGR,GBG_,1355,1356
504,GBGR,GBG_,1550,1551
505,GB__,YYGG,554,555
506,G___,_RWG,50,51
507,G___,_RWG,62,63
508,G___,_RWG,86,87
509,G___,_RWG,346,347
510,G___,_RWG,373,374
511,_GWY,_R__right,1690,1691
512,G__Y,YY__,83,85
513,GY__,YGWR,1355,1356
514,GY__,YGWR,1713,1715
515,YYYY,_W_W,735,736
516,YYYY,_WGY,827,828
517,YYYY,_WGY,912,913
518,YYYY,_WGY,937,938
519,YYYY,_WGY,940,941
520,YYYY,_WGY,969,970
521,YYGG,YYRR,1130,1131
522,GGRG,_WWY,1481,1482
523,GGRG,_WWY,1575,1576
524,GGRG,_WWY,1589,1590
525,WRRY,____hidden,470,471
526,YY_W,_WGY,53,54
527,YY_W,_WGY,69,70
528,YY_W,_WGY,171,172
529,YY_W,_WGY,271,272
530,YY_W,_WGY,326,327
531,YY_W,_WGY,612,614
532,YY_W,_WGY,744,745
533,GBGR,GR_Y,1156,1157
534,GBGR,GR_Y,1158,1159
535,GGW_right,_WYG,914,915
536,GGW_right,_WYG,916,917
537,GGW_right,_WYG,977,978
538,GGW_right,_WYG,1016,1017
539,GGW_right,_WYG,1025,1026
540,GGW_right,_WYG,1250,1251
541,GGW_right,_WYG,1365,1366
542,GGW_right,_WYG,1376,1377
543,GGW_right,_WYG,1430,1431
544,GRY_,_GYW,22,23
545,GRY_,_GYW,50,51
546,GRY_,_GYW,156,158
547,GRY_,_GYW,182,184
548,GRY_,_GYW,290,291
549,GRY_,_GYW,341,342
550,GRY_,_GYW,379,380
551,GRY_,_GYW,424,425
552,GRY_,_GYW,427,428
553,GRY_,_GYW,776,777
554,GRY_,_GYW,778,779
555,GRY_,_GYW,1240,1241
556,GRY_,_GYW,1680,1681
557,YYG_,_R__,817,818
558,GGGR,____mid,1719,1720
559,GR_W,_R__,403,404
560,GR_W,_R__,449,451
561,GR_W,_WWY,1110,1112
562,GR_W,_WWY,1719,1720
563,WBYG,_WGY,1570,1571
564,_WRW,____hidden,1164,1165
565,_WRW,____hidden,1338,1339
566,_WRW,____hidden,1504,1505
567,_WRW,____hidden,1650,1651
568,_WRW,____hidden,1738,1740
569,WGGB,_YGG,317,318
570,WGGB,_YGG,325,326
571,WGGB,_YGG,1506,1507
572,WGGB,_YGG,1552,1553
573,WGGB,_YGG,1570,1571
574,G___,_WYG,360,361
575,G___,_WYG,368,369
576,GG_W,YYGG,416,417
577,YWWW,Y___,427,428
578,G___,YY__,347,348
579,G___,YY__,349,350
580,G___,YY__,360,361
581,GGW_,____still,1042,1043
582,GRY_,_W_W,784,785
583,GY_W,_GWY,1584,1585
584,YY_W,_Y__,903,904
585,YY_W,_Y__,924,925
586,GGRG,YGWR,680,681
587,GGRG,YGWR,698,699
588,GGRG,YGWR,708,709
589,GGRG,YGWR,1006,1007
590,GGRG,YGWR,1091,1092
591,GGW_right,WRR_,1622,1623
592,GGW_right,WRR_,1628,1629
593,_RWG,_WRW,1540,1541
594,YGWY,____new,1311,1312
595,YGWY,____new,1711,1712
596,GGRG,YYRG,1338,1339
597,GGRG,YYRG,1582,1583
598,GBGR,GRY_,1350,1351
599,GBGR,GRY_,1352,1353
600,GBGR,GRY_,1357,1358
601,YYRG,____new,875,877
602,YYRG,____new,889,891
603,_W_R,____hidden,945,946
604,_W_R,____hidden,1049,1050
605,_W_R,____hidden,1178,1179
606,_W_R,____hidden,1448,1449
607,_W_R,____hidden,1495,1497
608,_W_R,____hidden,1606,1607
609,_W_R,____hidden,1632,1633
610,GRY_,_WWY,709,710
611,GGW_,YYRG,762,763
612,GG_W,_Y__,1594,1595
613,GBG_,GY__,1705,1706
614,GBG_,GY__,1710,1711
615,_WWG,_W_W,1061,1062
616,_WWG,_W_W,1321,1322
617,_WWG,_W_W,1398,1400
618,_WWG,_W_W,1623,1625
619,WRR_,_W__,1258,1259
620,WRR_,_W__,1265,1266
621,WRR_,_W__,1275,1276
622,WRR_,_W__,1541,1542
623,WRR_,_W__,1652,1653
624,WRR_,_W__,1664,1665
625,GY__,G_RG,120,122
626,WR__,YYBR,1259,1260
627,WR__,YYBR,1635,1636
628,WR__,YYBR,1638,1639
629,WR__,YYBR,1651,1652
630,GY__,_GYW,1706,1707
631,GY__,_GYW,1709,1710
632,WB__,_WYG,65,66
633,WB__,_WYG,305,306
634,WB__,_WYG,524,525
635,WB__,_WYG,769,770
636,WB__,_WYG,980,981
637,WB__,_WYG,1631,1632
638,WB__,_WYG,1650,1651
639,WB__,_WYG,1726,1727
640,GGGG,_GWY,1560,1561
641,YYBR,YYGG,1743,1744
642,YYY_,_W__curl,1161,1162
643,YYY_,_W__curl,1257,1258
644,GR_Y,Y_B_,987,988
645,GRGY,YYGW,949,950
646,YWWW,_GWY,592,593
647,YWWW,_GWY,620,621
648,_W_W,_YGG,49,50
649,_W_W,_YGG,137,138
650,_W_W,_YGG,161,162
651,Q,YYRB,1553,1554
652,Q,YYRB,1555,1556
653,GGWW,_W_W,954,955
654,GGWW,_W_W,1072,1073
655,GGWW,_W_W,1086,1087
656,GGWW,_W_W,1665,1666
657,_GWY,____still,1655,1656
658,GGRG,GRGY,901,902
659,GGRG,GRGY,927,928
660,GRGY,_W_W,977,978
661,GRGY,_W_W,985,986
662,GB__,_GWY,1545,1546
663,GGGG,Y_B_,1663,1664
664,YY_W,_WWY,27,28
665,YY_W,_WWY,45,46
666,YY_W,_WWY,59,60
667,YY_W,_WWY,131,132
668,YY_W,_WWY,857,858
669,YY_W,_WWY,1124,1125
670,YY_W,_WWY,1152,1153
671,YY_W,_WWY,1205,1207
672,W_WR,_W_R,844,845
673,W_WR,_W_R,890,891
674,W_WR,_W_R,892,893
675,GBGR,_YGG,328,329
676,GBGR,_YGG,408,409
677,WGGB,YYRR,35,36
678,WGGB,YYRR,98,99
679,WGGB,YYRR,108,110
680,WGGB,YYRR,685,686
681,WGGB,YYRR,1036,1037
682,WGGB,YYRR,1038,1039
683,WGGB,YYRR,1044,1045
684,GY__,YGWY,725,726
685,GY__,YGWY,877,878
686,GY__,YGWY,1308,1309
687,GY__,YGWY,1323,1324
688,YY_W,__W_,835,836
689,YY_W,__W_,873,874
690,WR__,Y_B_,1124,1126
691,WR__,Y_B_,1182,1183
692,GGGG,WRRY,503,504
693,GGGG,WRRY,507,508
694,GGGG,WRRY,589,590
695,GGGG,WRRY,758,759
696,GGGG,WRRY,855,857
697,GGGG,WRRY,916,917
698,GGGG,WRRY,922,923
699,Q,_GWY,1681,1682
700,Q,_GWY,1693,1694
701,GBGR,GRGY,1047,1049
702,GBGR,GRGY,1062,1063
703,GBGR,GRGY,1138,1139
704,YYRB,Y___,1630,1631
705,GGGR,YYGW,1635,1636
706,GGGG,GGWW,1203,1204
707,_WYG,_W__,48,50
708,_WYG,_W__,54,56
709,_WYG,_W__,80,81
710,_WYG,_W__,108,109
711,_WYG,_W__,123,124
712,_WYG,_W__,137,138
713,_WYG,_W__,354,355
714,_WYG,_W__,381,382
715,_WYG,_W__,384,385
716,_WYG,_W__,492,493
717,_WYG,_W__,534,535
718,_WYG,_W__,559,560
719,_WYG,_W__,758,759
720,_WYG,_W__,791,792
721,_WYG,_W__,862,863
722,_WYG,_W__,876,877
723,_WYG,_W__,883,884
724,_WYG,_W__,1109,1110
725,_WYG,_W__,1164,1166
726,_WYG,_W__,1187,1188
727,_WYG,_W__,1234,1235
728,_WYG,_W__,1250,1251
729,_WYG,_W__,1437,1438
730,_WYG,_W__,1534,1535
731,_WYG,_W__,1572,1573
732,_WYG,_W__,1588,1589
733,_WYG,_W__,1715,1716
734,_WYG,_W__,1744,1745
735,YWWW,_WYG,405,407
736,YWWW,_WYG,430,431
737,YWWW,_WYG,444,445
738,YWWW,_WYG,463,464
739,YWWW,_WYG,495,496
740,YWWW,_WYG,672,673
741,GGGG,_GYW,1283,1284
742,GGGG,_GYW,1285,1286
743,GGGG,_GYW,1430,1431
744,GGGG,_GYW,1463,1464
745,GGWW,_GYW,120,121
746,GGWW,_GYW,234,235
747,GGWW,_GYW,1013,1015
748,GGWW,_GYW,1080,1082
749,YYGW,____still,979,980
750,YYGW,____still,1689,1690
751,W___,YWWW,693,694
752,W___,YWWW,695,696
753,YYGG,_YGG,1339,1340
754,YYGG,_YGG,1426,1428
755,GG_W,_WWY,1277,1278
756,Q,____still,1720,1721
757,Q,____still,1732,1733
758,GGW_,G__Y,636,637
759,_WGY,____new,46,47
760,_WGY,____new,204,205
761,_WGY,____new,231,232
762,_WGY,____new,407,409
763,_WGY,____new,412,413
764,_WGY,____new,1134,1135
765,GGRG,YYGW,960,961
766,GGRG,YYGW,969,970
767,GGRG,YYGW,1058,1059
768,GGRG,YYGW,1324,1325
769,GGRG,YYGW,1724,1725
770,W_WR,YY__,285,286
771,W_WR,YY__,591,592
772,W_WR,YY__,680,681
773,W_WR,YY__,810,811
774,W_WR,YY__,821,822
775,W_WR,YY__,1044,1045
776,W_WR,YY__,1129,1130
777,W_WR,YY__,1138,1139
778,W_WR,YY__,1145,1146
779,W_WR,YY__,1444,1445
780,W_WR,YY__,1475,1477
781,W_WR,YY__,1649,1650
782,YGWR,_GYW,1681,1682
783,YGWR,_GYW,1704,1705
784,G___,YY_W,343,344
785,G_RG,_GWY,911,912
786,G_RG,_GWY,914,915
787,GGWW,_W__curl,723,724
788,GGWW,_W__curl,746,747
789,GGWW,_W__curl,826,827
790,G___right,YGWR,1021,1022
791,G___right,YGWR,1313,1314
792,GBGR,_WWY,939,940
793,GBGR,WGGB,682,683
794,GBGR,WGGB,1010,1011
795,_WWG,_YGG,89,90
796,_WWG,_YGG,189,190
797,GR_Y,YYGW,996,997
798,GR_Y,YYGW,1012,1013
799,GR_Y,YYGW,1080,1081
800,GR_Y,YYGW,1299,1300
801,GR_Y,YYGW,1583,1584
802,GBGR,YYYY,1275,1277
803,GBGR,YYYY,1304,1305
804,GBGR,YYYY,1567,1568
805,GBGR,YYYY,1598,1599
806,GYG_,YYRR,4,5
807,GYG_,YYRR,518,519
808,GYG_,YYRR,525,526
809,GYG_,YYRR,900,901
810,GY_W,Y_B_,995,996
811,GGW_right,YY_W,831,832
812,YYBR,_WGY,797,798
813,YYGW,YY__,176,177
814,YYGW,YY__,180,181
815,YGWY,__W_,1219,1220
816,GGRG,WRR_,1346,1347
817,GGRG,WRR_,1526,1527
818,GGRG,WRR_,1533,1534
819,GGRG,WRR_,1559,1560
820,GGRG,WRR_,1576,1577
821,GGRG,WRR_,1594,1595
822,GGRG,YYYY,943,945
823,GGRG,YYYY,1187,1188
824,YYY_,_GYW,27,28
825,YYY_,_GYW,44,45
826,YYY_,_GYW,46,47
827,YYY_,_GYW,71,73
828,YYY_,_GYW,118,119
829,YYY_,_GYW,256,257
830,YYY_,_GYW,264,265
831,YYY_,_GYW,986,987
832,WGGB,YYGG,1448,1449
833,WGGB,YYGG,1572,1573
834,WGGB,YYGG,1574,1575
835,GGW_right,GY_W,1693,1694
836,G___right,_GYW,373,374
837,GBGR,YGWR,1145,1146
838,GBGR,YGWR,1201,1202
839,GBGR,YGWR,1253,1254
840,_GWY,_YGG,1735,1736
841,_GWY,_YGG,1738,1739
842,_GWY,_YGG,1746,1747
843,G__Y,YYYY,3,4
844,G__Y,YYYY,1152,1153
845,YY__,_W__,971,972
846,GGGR,GGW_,1640,1641
847,GGGR,GGW_,1733,1734
848,_WRW,_W_R,1285,1286
849,_WRW,_W_R,1504,1505
850,_WRW,_W_R,1642,1643
851,_WRW,_W_R,1647,1648
852,GGWW,GGW_,1137,1138
853,GRY_,GY__,1388,1389
854,_WGY,_WWG,804,805
855,W___,_W_R,1591,1593
856,W___,_W__,768,769
857,W___,_W__,797,798
858,W___,_W__,861,862
859,W___,_W__,944,946
860,W___,_W__,1138,1139
861,W___,_W__,1140,1141
862,W___,_W__,1150,1152
863,W___,__W_,819,820
864,W___,__W_,844,845
865,W_WR,Y___,410,411
866,W_WR,Y___,440,441
867,YGWR,YGWY,1352,1353
868,YGWR,YGWY,1354,1355
869,YYRR,_WWY,905,906
870,YYRR,_WWY,958,959
871,_WWY,____hidden,1149,1150
872,_WWY,____hidden,1286,1287
873,____new,____still,253,254
874,____new,____still,263,264
875,____new,____still,851,852
876,GGWW,____still,1182,1183
877,GY_W,____mid,366,367
878,GY_W,____mid,1033,1034
879,GY_W,____mid,1041,1042
880,GY_W,____mid,1227,1229
881,GGW_right,Y_BW,1434,1435
882,GGW_right,Y_BW,1437,1438
883,GGW_right,Y_BW,1506,1507
884,GGW_right,Y_BW,1511,1512
885,GGW_right,Y_BW,1529,1530
886,GGW_right,Y_BW,1531,1532
887,GGW_right,Y_BW,1549,1550
888,GGW_right,Y_BW,1568,1569
889,WB__,W___,956,957
890,WB__,W___,958,959
891,WB__,W___,1076,1077
892,_GYW,_W_W,565,566
893,_GYW,_W_W,581,582
894,GYG_,YY__,192,193
895,GYG_,YY__,234,235
896,GY__,____new,1159,1160
897,YYBR,____still,1699,1700
898,YGWR,____mid,1063,1064
899,GRY_,G___right,400,401
900,GRY_,G___,661,662
901,G_RG,_R__right,118,120
902,GRY_,YGWR,212,213
903,GRY_,YGWR,1129,1130
904,GRY_,YGWR,1131,1132
905,GRY_,YGWR,1616,1617
906,GR_Y,____new,1014,1015
907,GR_Y,____new,1136,1137
908,GR_Y,____new,1296,1297
909,GR_Y,____new,1302,1303
910,GR_Y,____new,1336,1337
911,YWWW,_WGY,654,655
912,YWWW,_WGY,658,659
913,YWWW,_WGY,1184,1185
914,WR__,YYYY,829,830
915,WR__,YYYY,831,832
916,WR__,YYYY,845,846
917,WR__,YYYY,1007,1008
918,WR__,YYYY,1070,1071
919,WR__,YYYY,1697,1698
920,WR__,YYYY,1737,1738
921,WR__,YYYY,1745,1746
922,YGWR,____new,1005,1006
923,YGWR,____new,1349,1350
924,YYGW,YYRG,1055,1056
925,YYGW,YYRG,1203,1204
926,YYGW,YYRG,1227,1228
927,YYGW,YYRG,1237,1238
928,WRR_,_RWG,336,338
929,WRR_,_RWG,347,348
930,WRR_,_RWG,1258,1259
931,WRR_,_RWG,1662,1664
932,WGGB,_WWY,941,942
933,WGGB,_WWY,945,946
934,GGWW,YY_W,1503,1504
935,GGWW,YY_W,1505,1506
936,GGWW,YY_W,1540,1541
937,GRGY,WR__,941,942
938,GRGY,WR__,950,951
939,GRGY,WR__,955,956
940,GRGY,WR__,970,971
941,GRGY,WR__,1003,1004
942,GBGR,GY__,1584,1585
943,YY_W,YY__,357,358
944,YY_W,YY__,1016,1017
945,YY_W,YY__,1025,1026
946,YY_W,YY__,1037,1038
947,YY_W,YY__,1117,1118
948,YY_W,YY__,1470,1471
949,YY_W,YY__,1614,1615
950,GGW_,GRBR,1300,1301
951,WRR_,_WYG,341,342
952,WRR_,_WYG,1259,1260
953,WRR_,_WYG,1480,1481
954,WRR_,_WYG,1485,1486
955,WRR_,_WYG,1537,1538
956,WRR_,_WYG,1546,1547
957,WRR_,_WYG,1588,1589
958,WRR_,_WYG,1612,1614
959,WRR_,_WYG,1624,1625
960,WRR_,_WYG,1707,1708
961,_WWY,_W_R,1130,1131
962,_WWY,_W_R,1132,1133
963,GRGY,YY__,87,88
964,YYBR,YY__,1594,1595
965,YYBR,YY__,1609,1610
966,GGRG,_GYW,3,4
967,GGRG,_GYW,332,333
968,GGRG,_GYW,1138,1139
969,GGRG,_GYW,1140,1141
970,G__Y,_WGY,910,911
971,YYRB,____hidden,1686,1687
972,GBG_,GRY_,712,713
973,GBG_,GRY_,736,737
974,G___right,YWWW,1742,1743
975,GGW_,YGWR,1247,1248
976,GR_Y,YGWY,1580,1581
977,GR_Y,YGWY,1703,1704
978,G_RG,WBYG,104,105
979,G_RG,WBYG,155,156
980,G___,WB__,355,356
981,G___,WB__,358,359
982,G___,WB__,371,372
983,G___right,__W_,220,221
984,G___right,__W_,238,239
985,G___right,__W_,344,345
986,GGWW,GY__,618,619
987,GB__,GGWW,1566,1567
988,YYGW,____mid,860,861
989,YYGW,____mid,1085,1086
990,_WGY,_W__,64,65
991,_WGY,_W__,103,104
992,_WGY,_W__,659,660
993,_WGY,_W__,683,684
994,_WGY,_W__,692,694
995,_WGY,_W__,706,707
996,_WGY,_W__,727,728
997,_WGY,_W__,764,765
998,_WGY,_W__,1275,1276
999,_WGY,_W__,1572,1573
1000,Q,YGWY,1679,1680
1001,Q,YGWY,1686,1687
1002,GBGR,_GYW,1293,1294
1003,GBGR,_GYW,1395,1396
1004,GBGR,_GYW,1410,1411
1005,GBGR,_GYW,1555,1556
1006,GBGR,_GYW,1561,1562
1007,GGW_,____white,1569,1570
1008,GYG_,WGGB,1316,1317
1009,GYG_,WGGB,1331,1332
1010,_Y__,__W_,88,89
1011,_Y__,__W_,102,103
1012,_Y__,__W_,786,787
1013,GGW_right,____new,647,648
1014,GGW_right,____new,659,660
1015,W_WR,____hidden,1578,1579
1016,GR_W,_GWY,361,362
1017,GRBR,____white,738,739
1018,GRBR,____white,740,741
1019,GRBR,____white,954,955
1020,_WWY,_WYG,1476,1477
1021,_WWY,_WYG,1519,1520
1022,_WWY,_WYG,1530,1531
1023,_WWY,_WYG,1552,1553
1024,_WWY,_WYG,1622,1623
1025,_WWY,_WYG,1655,1656
1026,_WWY,_WYG,1664,1665
1027,_WWY,_WYG,1677,1678
1028,_WWY,__W_,844,846
1029,_GWY,_W_R,321,322
1030,_GWY,_W_R,348,349
1031,_GWY,_W_R,636,638
1032,_GWY,_W_R,656,657
1033,_GWY,_W_R,721,723
1034,_GWY,_W_R,968,969
1035,_GWY,_W_R,1458,1459
1036,GRGY,____still,888,889
1037,GRGY,____still,1216,1217
1038,G___,_W__,67,69
1039,G___,_W__,74,75
1040,G___,_W__,135,136
1041,G___,_W__,226,228
1042,G___,_W__,325,326
1043,YY__,_W_R,463,464
1044,YY__,_W_R,845,846
1045,YY__,_W_R,945,946
1046,YY__,_W_R,950,951
1047,YY__,_W_R,1153,1154
1048,YY__,_W_R,1199,1200
1049,YY__,_W_R,1203,1204
1050,YY__,_W_R,1412,1414
1051,YY__,_W_R,1511,1512
1052,YY__,_W_R,1633,1634
1053,W___,____hidden,1600,1601
1054,GRY_,YY__,86,87
1055,GB__,GR_W,755,756
1056,GGWW,YGWR,1104,1105
1057,WB__,_W__,58,59
1058,WB__,_W__,60,61
1059,WB__,_W__,103,104
1060,WB__,_W__,109,110
1061,WB__,_W__,136,137
1062,WB__,_W__,253,254
1063,WB__,_W__,260,261
1064,WB__,_W__,292,293
1065,WB__,_W__,336,337
1066,WB__,_W__,347,348
1067,WB__,_W__,427,428
1068,WB__,_W__,530,531
1069,WB__,_W__,534,535
1070,WB__,_W__,561,562
1071,WB__,_W__,623,624
1072,WB__,_W__,668,670
1073,WB__,_W__,699,700
1074,WB__,_W__,705,706
1075,WB__,_W__,845,846
1076,WB__,_W__,853,854
1077,WB__,_W__,1503,1504
1078,GGW_right,____still,730,731
1079,GGW_right,____still,808,810
1080,Y_B_,_WGY,947,948
1081,Q,YYGW,1709,1710
1082,GY_W,WRR_,1277,1278
1083,GY_W,WRR_,1747,1748
1084,YYBR,Y_B_,1177,1178
1085,YYBR,Y_B_,1234,1235
1086,GGWW,_WGY,1080,1081
1087,GGW_right,GR_Y,705,707
1088,GGW_right,GR_Y,716,717
1089,GGW_right,GR_Y,799,800
1090,GGW_right,GR_Y,1209,1210
1091,GGGR,_GWY,0,1
1092,GGGR,_GWY,1644,1645
1093,GGW_,____mid,881,882
1094,GGW_,____mid,930,932
1095,GGW_,____mid,937,938
1096,GGW_,____mid,954,955
1097,GGW_,____mid,1215,1216
1098,GGW_,____mid,1302,1303
1099,GGW_,____mid,1311,1312
1100,GR_Y,_WYG,1246,1247
1101,GRGY,YYRR,1233,1234
1102,GGWW,YYRR,1168,1169
1103,GGWW,YYRR,1196,1197
1104,GGWW,YYRR,1602,1603
1105,Y_B_,_WWY,899,900
1106,YYYY,Y_B_,996,998
1107,Y___,_GWY,352,354
1108,Y___,_GWY,1498,1499
1109,GY__,_WGY,1,2
1110,GY__,_WGY,130,131
1111,GY__,_WGY,393,394
1112,GY__,_WGY,396,397
1113,GY__,_WGY,1139,1140
1114,GY__,_WGY,1142,1143
1115,YGWR,YYGW,1010,1011
1116,YGWR,YYGW,1018,1019
1117,YGWR,YYGW,1079,1080
1118,YGWR,YYGW,1081,1082
1119,YGWR,YYGW,1085,1086
1120,YGWR,YYGW,1164,1165
1121,YGWR,YYGW,1173,1174
1122,YGWR,YYGW,1238,1239
1123,YGWR,YYGW,1284,1285
1124,YY__,_WYG,357,358
1125,YY_W,_GWY,956,957
1126,YY_W,_GWY,1213,1214
1127,WBYG,W___,726,727
1128,WBYG,W___,767,768
1129,YYGG,YYRB,170,171
1130,YYGG,YYRB,178,179
1131,YYGG,YYRB,401,402
1132,GYY_,Q,695,696
1133,GYY_,Q,785,786
1134,GYY_,Q,794,795
1135,GYY_,Q,1345,1346
1136,GYY_,Q,1407,1408
1137,GYY_,Q,1432,1433
1138,GYY_,Q,1637,1638
1139,GYY_,Q,1658,1659
1140,GGRG,GRY_,46,47
1141,GGRG,GRY_,746,747
1142,GGRG,GRY_,889,890
1143,GGRG,GRY_,892,893
1144,GGRG,GRY_,1063,1064
1145,GGRG,GRY_,1106,1107
1146,_RWG,_WGY,74,75
1147,_RWG,_WGY,707,708
1148,YYYY,_GWY,1582,1584
1149,YYYY,_GWY,1608,1609
1150,YYYY,_GWY,1615,1616
1151,YYYY,_GWY,1724,1725
1152,YYYY,_GWY,1749,1750
1153,_WWY,_W__,1482,1483
1154,WRRY,YY__,281,282
1155,WRRY,YY__,414,415
1156,_GWY,_WWY,1198,1199
1157,_GWY,_WWY,1203,1204
1158,_GWY,_WWY,1221,1222
1159,GY__,_GWY,1673,1674
1160,GY__,_GWY,1684,1685
1161,GY__,_GWY,1697,1699
1162,GRY_,GYG_,1319,1320
1163,YYBR,YYY_,734,735
1164,GR_Y,____still,809,810
1165,GR_Y,____still,842,843
1166,GR_Y,____still,980,981
1167,GR_Y,____still,982,983
1168,_GWY,_GYW,1629,1631
1169,GY__,_Y__,833,835
1170,GY__,_Y__,884,885
1171,WBYG,____mid,1448,1449
1172,YYGG,_WWY,897,898
1173,YYGG,_WWY,984,985
1174,G___,WRR_,338,340
1175,GBG_,G___right,395,396
1176,GBG_,G___right,780,781
1177,YY__,Y_BW,1737,1738
1178,YYGW,YYYY,931,932
1179,GGWW,_GWY,1227,1228
1180,GGWW,_GWY,1233,1234
1181,GGWW,_GWY,1541,1542
1182,GGWW,_GWY,1611,1612
1183,GGWW,GRGY,1132,1133
1184,GGW_right,_WWY,885,886
1185,WR__,_YGG,37,39
1186,WR__,_YGG,1139,1140
1187,GB__,GGGG,532,533
1188,GB__,GGGG,755,756
1189,GB__,GGGG,757,758
1190,GG_W,Q,1430,1431
1191,GG_W,Q,1511,1512
1192,GG_W,Q,1570,1571
1193,GG_W,Q,1578,1579
1194,W___,_WYG,842,843
1195,W___,_WYG,1069,1070
1196,Y_B_,_GWY,1705,1706
1197,Y_B_,_GWY,1730,1731
1198,WRR_,Y_BW,1621,1622
1199,WRR_,Y_BW,1631,1632
1200,WRR_,Y_BW,1634,1635
1201,WRR_,Y_BW,1699,1700
1202,GGRG,G___right,461,462
1203,GGRG,G___right,1015,1016
1204,GGW_right,__W_,791,792
1205,GGW_right,__W_,828,829
1206,GGW_right,__W_,903,904
1207,GBGR,GGGG,1081,1083
1208,GBGR,GGGG,1128,1129
1209,GBGR,GGGG,1473,1474
1210,GBGR,GGGG,1735,1737
1211,YYRG,_Y__,898,899
1212,YYRG,_Y__,1308,1309
1213,GGGG,____still,1341,1342
1214,YY__,_WRW,265,266
1215,YY__,_WRW,269,270
1216,YY__,_WRW,1432,1433
1217,YY__,_WRW,1454,1455
1218,YY__,_WRW,1482,1483
1219,YY__,_WRW,1720,1721
1220,GG_W,GRBR,1629,1630
1221,GG_W,GRBR,1669,1670
1222,YWWW,YY_W,292,293
1223,YWWW,YY_W,520,521
1224,YWWW,YY_W,525,526
1225,GG__,_GWY,1693,1694
1226,GR_Y,YGWR,1295,1296
1227,GR_Y,YGWR,1301,1302
1228,GBG_,_GWY,1670,1671
1229,GR_Y,Q,1707,1708
1230,GRGY,GYG_,1566,1567
1231,_WGY,__W_,337,338
1232,_WGY,__W_,750,751
1233,_WGY,__W_,1213,1214
1234,YGWY,_GWY,1674,1675
1235,GG_W,WRRY,1654,1656
1236,GG_W,WRRY,1666,1667
1237,GYG_,YYGW,9,10
1238,GYG_,YYGW,25,26
1239,G___right,_Y__,65,66
1240,WRR_,YYRG,1579,1580
1241,YWWW,_RWG,278,279
1242,YY_W,____hidden,982,983
1243,YY_W,____hidden,1569,1570
1244,YY_W,____hidden,1573,1574
1245,YY_W,____hidden,1660,1661
1246,G__Y,G___right,357,358
1247,WRR_,__W_,1737,1738
1248,YY__,Y___,1156,1157
1249,YY__,Y___,1404,1405
1250,YY__,Y___,1586,1587
1251,GY_W,GY__,1231,1232
1252,G___right,YYY_,476,478
1253,G___right,YYY_,554,555
1254,G___right,YYY_,701,702
1255,G___right,YYY_,833,834
1256,G___right,YYY_,845,846
1257,G___right,YYY_,863,864
1258,G___right,YYY_,1221,1222
1259,GBGR,____mid,1654,1655
1260,GRBR,_WWY,1086,1087
1261,GRBR,_WWY,1089,1090
1262,YYRB,YY__,1593,1594
1263,YYRB,YY__,1609,1610
1264,G__Y,_GWY,1580,1581
1265,_GYW,____still,1250,1251
1266,_GYW,____still,1324,1325
1267,G_RG,W_WR,918,919
1268,G_RG,W_WR,1594,1595
1269,GB__,YYG_,1033,1034
1270,GB__,YYG_,1035,1036
1271,GBG_,_GYW,601,602
1272,GBG_,_GYW,1609,1610
1273,GBG_,_GYW,1635,1636
1274,GBG_,_GYW,1637,1638
1275,GBG_,_GYW,1746,1747
1276,GBG_,_GYW,1748,1749
1277,GY_W,YYBR,1053,1054
1278,GB__,GRBR,645,646
1279,GRGY,GY_W,1315,1316
1280,GRGY,WRRY,1246,1247
1281,GRGY,WRRY,1556,1557
1282,GRGY,WRRY,1644,1645
1283,GRGY,WRRY,1691,1692
1284,G___right,_WGY,50,51
1285,G___right,_WGY,208,209
1286,GGRG,GGWW,1068,1069
1287,GGGR,GRGY,1705,1706
1288,WB__,_GWY,1522,1523
1289,GRGY,Y_B_,1156,1157
1290,GBG_,YYBR,492,493
1291,GBG_,YYBR,508,509
1292,YY_W,_W_R,975,976
1293,YY_W,_W_R,1037,1038
1294,YY_W,_W_R,1039,1040
1295,YY_W,_W_R,1476,1477
1296,GB__,GYG_,1217,1219
1297,GB__,GYG_,1243,1244
1298,GGW_right,YGWY,637,638
1299,GGW_right,YGWY,644,645
1300,GGW_right,YGWY,1690,1691
1301,GGGG,YYGW,359,360
1302,GGGG,YYGW,649,650
1303,GGGG,YYGW,651,652
1304,GGGG,YYGW,772,773
1305,GGGG,YYGW,839,840
1306,GR_W,GYG_,504,505
1307,GR_W,GYG_,727,728
1308,WRR_,_WWY,1297,1298
1309,WRR_,_WWY,1464,1465
1310,WRR_,_WWY,1496,1498
1311,WRR_,_WWY,1518,1519
1312,WRR_,_WWY,1528,1529
1313,WRR_,_WWY,1549,1550
1314,WRR_,_WWY,1564,1565
1315,WRR_,_WWY,1586,1587
1316,WRR_,_WWY,1599,1600
1317,WRR_,_WWY,1626,1627
1318,WRR_,_WWY,1707,1710
1319,GRBR,YYGW,209,210
1320,GRBR,YYGW,588,590
1321,WBYG,WB__,296,297
1322,WBYG,WB__,315,316
1323,WBYG,WB__,1353,1354
1324,WBYG,WB__,1355,1356
1325,WBYG,WB__,1376,1377
1326,GR_Y,_W__,1251,1252
1327,GGWW,_WYG,948,949
1328,GGWW,_WYG,973,974
1329,Q,____new,1704,1705
1330,YWWW,__W_,915,916
1331,YWWW,__W_,920,921
1332,GRY_,YYGW,950,951
1333,WR__,_GWY,1623,1624
1334,WR__,_GWY,1706,1707
1335,W___,_WRW,1282,1283
1336,W___,_WRW,1519,1520
1337,W___,_WRW,1528,1529
1338,GR_W,Y___,85,86
1339,GR_W,Y___,87,88
1340,GR_W,Y___,139,140
1341,GR_W,Y___,842,843
1342,GR_W,Y___,848,849
1343,GR_W,Y___,1344,1345
1344,GR_W,Y___,1600,1601
1345,GR_W,Y___,1621,1622
1346,GR_W,Y___,1623,1624
1347,GY__,G___right,1695,1696
1348,_W_W,____mid,1037,1038
1349,GY_W,_WWY,976,977
1350,GY_W,_WWY,1168,1169
1351,YY_W,_WYG,13,14
1352,YY_W,_WYG,42,43
1353,YY_W,_WYG,348,349
1354,YY_W,_WYG,469,470
1355,GGGG,GGRG,1518,1519
1356,_GWY,____hidden,1529,1530
1357,GGWW,GRY_,897,898
1358,GGWW,GRY_,905,906
1359,GGWW,GRY_,1080,1081
1360,GGWW,GRY_,1695,1696
1361,YY__,_WGY,620,621
1362,YY__,_WGY,697,698
1363,GGW_right,W___,582,583
1364,GGW_right,W___,590,591
1365,GYG_,_R__,108,109
1366,GYG_,_R__,1083,1084
1367,GRBR,____mid,554,555
1368,GRBR,____mid,947,948
1369,GRBR,____mid,950,951
1370,WRRY,Y___,273,274
1371,WRRY,Y___,461,462
1372,W_WR,_W__,143,144
1373,W_WR,_W__,465,466
1374,GR_W,____hidden,48,50
1375,GR_W,____hidden,123,124
1376,GR_W,____hidden,389,390
1377,GR_W,____hidden,827,828
1378,GBGR,G___right,1185,1186
1379,GGW_,Q,796,797
1380,G_RG,_Y__,1540,1541
1381,G__Y,____mid,962,963
1382,G__Y,____mid,1090,1091
1383,G__Y,____mid,1094,1096
1384,G__Y,____mid,1207,1208
1385,G__Y,____mid,1346,1348
1386,G__Y,____mid,1706,1708
1387,YYGG,____mid,632,633
1388,YYGG,____mid,802,803
1389,GY_W,WR__,1098,1099
1390,GBGR,YYRR,1091,1093
1391,GBGR,YYRR,1671,1672
1392,GBGR,YYRR,1702,1703
1393,GGGG,G__Y,1181,1182
1394,GGGG,G__Y,1231,1232
1395,GGGG,G__Y,1256,1257
1396,GGGG,G__Y,1526,1527
1397,GGGG,G__Y,1731,1732
1398,YY__,_Y__,1673,1674
1399,GGRG,Q,1723,1724
1400,GBG_,YGWR,785,786
1401,GBG_,YGWR,1056,1057
1402,GBG_,YGWR,1113,1114
1403,GBG_,YGWR,1373,1374
1404,GBG_,YGWR,1743,1744
1405,GGW_right,WB__,847,848
1406,GGW_right,WB__,1299,1300
1407,GGW_right,WB__,1302,1303
1408,GGW_right,WB__,1342,1343
1409,GGW_right,WB__,1349,1350
1410,GGW_right,WB__,1496,1498
1411,GGW_right,WB__,1605,1606
1412,_GWY,_WRW,369,371
1413,_GWY,_WRW,770,771
1414,_GWY,_WRW,1192,1193
1415,YYBR,_GWY,1704,1705
1416,GR_Y,WRR_,1267,1269
1417,GR_Y,WRR_,1581,1582
1418,G___right,YYRG,311,312
1419,WRR_,_Y__,1278,1279
1420,WRR_,_Y__,1296,1297
1421,YY__,_WWY,1118,1119
1422,YY__,_WWY,1142,1143
1423,YY__,_WWY,1150,1151
1424,YY__,_WWY,1160,1161
1425,YY__,_WWY,1210,1211
1426,YY_W,_WRW,1684,1685
1427,YY_W,_WRW,1702,1703
1428,YY_W,_WRW,1742,1743
1429,GRGY,_YGG,1020,1021
1430,WBYG,__W_,896,897
1431,WBYG,__W_,1005,1006
1432,WBYG,__W_,1489,1490
1433,GGRG,____mid,1058,1059
1434,GGRG,____mid,1154,1156
1435,G___right,____new,20,21
1436,G___right,____new,22,23
1437,GBG_,GR_Y,814,815
1438,Q,_Y__,781,782
1439,Q,_Y__,787,788
1440,Q,_Y__,1489,1490
1441,G_RG,WRR_,1260,1261
1442,G_RG,WRR_,1279,1280
1443,G_RG,WRR_,1546,1547
1444,W___,YY_W,792,794
1445,W___,YY_W,812,813
1446,W___,YY_W,821,822
1447,W___,YY_W,849,850
1448,G___right,_W__curl,846,847
1449,G___right,_W__curl,861,862
1450,G___right,_W__curl,968,969
1451,G___right,_W__curl,1137,1138
1452,G___right,_W__curl,1152,1153
1453,G___right,_W__curl,1190,1191
1454,G___right,_W__curl,1704,1705
1455,GBGR,____still,1123,1124
1456,GBGR,____still,1572,1573
1457,G_RG,_WGY,30,32
1458,G_RG,_WGY,279,280
1459,G_RG,_WGY,380,381
1460,G_RG,_WGY,730,731
1461,G_RG,_WGY,766,767
1462,G_RG,_WGY,1293,1294
1463,YYGG,YYYY,1286,1287
1464,YYGG,YYYY,1317,1318
1465,WB__,Y_BW,1266,1267
1466,WB__,Y_BW,1275,1276
1467,WB__,Y_BW,1293,1294
1468,WB__,Y_BW,1341,1342
1469,WB__,Y_BW,1401,1402
1470,WB__,Y_BW,1455,1456
1471,WB__,Y_BW,1473,1475
1472,GGRG,W_WR,1719,1720
1473,GY__,YYGW,1588,1589
1474,G___,YWWW,285,286
1475,G___,YWWW,287,288
1476,G___,YWWW,310,311
1477,G___,YWWW,315,316
1478,G___,YWWW,334,336
1479,YY_W,Y___,1004,1005
1480,Y_B_,_GYW,1431,1432
1481,Y_B_,_GYW,1480,1481
1482,_GYW,_W__curl,102,103
1483,_GYW,_W__curl,190,191
1484,_GYW,_W__curl,228,229
1485,_GYW,_W__curl,1690,1691
1486,_GYW,_W__curl,1701,1702
1487,WRR_,_WGY,1586,1587
1488,GR_W,YYG_,390,391
1489,GR_W,YYG_,736,737
1490,GR_W,YYG_,1475,1476
1491,GGGG,YY__,982,983
1492,GGGG,YY__,1026,1027
1493,GGW_right,_R__right,633,634
1494,GGWW,YYGW,1127,1128
1495,_WWG,_WYG,548,549
1496,GGGG,WR__,116,117
1497,YYGG,Y_B_,931,932
1498,GY_W,G__Y,1344,1346
1499,GGWW,_R__right,794,795
1500,GGWW,WRRY,1191,1192
1501,GGWW,WRRY,1588,1589
1502,GGRG,_W__curl,1018,1019
1503,GY_W,YY_W,1165,1166
1504,GB__,YY__,990,991
1505,GRGY,YYGG,1531,1532
1506,GRGY,YYGG,1702,1703
1507,GRGY,YYGG,1734,1735
1508,GBGR,YY__,11,13
1509,GBGR,YY__,115,117
1510,GBGR,YY__,124,125
1511,GBGR,YY__,134,135
1512,GBGR,YY__,172,173
1513,GGGG,GRBR,370,371
1514,GGGG,GRBR,584,585
1515,GGGG,GRBR,983,984
1516,GGGG,GRBR,1543,1544
1517,GRY_,_WGY,799,800
1518,GRY_,_WGY,811,812
1519,GRY_,_WGY,1080,1081
1520,YYYY,_WWY,1037,1038
1521,_WGY,_W__curl,794,795
1522,Y_B_,_W_W,1201,1202
1523,Y_B_,_W_W,1295,1296
1524,Y_B_,_W_W,1297,1298
1525,Y_B_,_W_W,1327,1328
1526,GRY_,YYGG,1511,1512
1527,GRY_,YYGG,1702,1703
1528,GRY_,YYGG,1731,1732
1529,GRY_,YYGG,1745,1746
1530,GGRG,____new,1522,1523
1531,GGRG,____new,1636,1637
1532,GGRG,____new,1678,1679
1533,GBG_,Q,1712,1713
1534,GGWW,_WWG,950,951
1535,GGWW,_WWG,962,963
1536,GGWW,_WWG,1668,1669
1537,GGWW,_WWG,1687,1688
1538,GBGR,WR__,1282,1283
1539,GBGR,WR__,1323,1325
1540,GBGR,WR__,1387,1388
1541,GBG_,GRGY,884,885
1542,_WWY,____still,1053,1054
1543,W_WR,YYGG,50,51
1544,W_WR,YYGG,426,427
1545,W_WR,_Y__,1100,1101
1546,W_WR,_Y__,1118,1119
1547,W_WR,_Y__,1466,1467
1548,W_WR,_Y__,1470,1471
1549,W_WR,_Y__,1516,1517
1550,W_WR,_Y__,1588,1589
1551,GGWW,YYBR,950,951
1552,GGWW,YYBR,1642,1643
1553,GGWW,YYBR,1646,1647
1554,YYGW,_GWY,1702,1703
1555,GGWW,YYYY,1148,1149
1556,GRY_,YYY_,129,130
1557,YYGW,_GYW,1637,1638
1558,YYGW,_GYW,1743,1744
1559,G_RG,_W__,57,58
1560,G_RG,_W__,64,65
1561,G_RG,_W__,299,301
1562,G_RG,_W__,742,743
1563,G_RG,_W__,1246,1247
1564,G_RG,_W__,1255,1256
1565,G_RG,_W__,1269,1270
1566,G_RG,_W__,1475,1476
1567,G_RG,_W__,1579,1580
1568,G_RG,_W__,1591,1592
1569,G_RG,_W__,1735,1737
1570,GGRG,YGWY,1622,1623
1571,GB__,_WWY,1092,1093
1572,GBG_,GGWW,1118,1119
1573,WRR_,YGWY,1569,1570
1574,WRR_,YGWY,1571,1572
1575,WRR_,YGWY,1727,1729
1576,YGWR,_W__curl,1546,1547
1577,YGWR,_W__curl,1631,1632
1578,_GWY,_W__,251,252
1579,_GWY,_W__,253,254
1580,_GWY,_W__,265,266
1581,_GWY,_W__,685,686
1582,GYY_,YYRG,1550,1551
1583,GYY_,YYRG,1573,1574
1584,GYY_,YYRG,1625,1626
1585,GG_W,YYRB,119,120
1586,GG_W,YYRB,1440,1441
1587,G__Y,YYGW,874,875
1588,YYGW,Y_B_,919,920
1589,YGWY,_WWY,1480,1481
1590,YY_W,_W__,57,58
1591,YY_W,_W__,77,78
1592,YYRG,_W__,1015,1016
1593,YYRG,_W__,1022,1023
1594,WB__,_WWY,1682,1683
1595,GGW_right,G_RG,112,113
1596,Y___,_W_R,454,455
1597,Y___,_W_R,1494,1495
1598,GR_W,YGWY,1728,1729
1599,Q,YYBR,1710,1711
1600,Q,YYBR,1718,1719
1601,GY_W,WBYG,1495,1496
